{"1": [0.7433072453098638, 0.8557110058409827, 6.921336695126125], "2": [0.7128855440299958, 0.7652574759508882, 5.901483015503202], "3": [0.6715211671203308, 0.7257492543331214, 5.334520238637924], "4": [0.6736202983127442, 0.737456887215376, 5.364129673583167], "5": [0.6753795455078944, 0.7112361426864352, 5.546879241296224], "6": [0.6526470268384791, 0.7174283885530063, 5.268941111224038], "7": [0.6718503042731234, 0.7078290589153766, 4.879371512361935], "8": [0.6527844772168984, 0.6498256885579654, 4.9926061523812155], "9": [0.6280271991399267, 0.6330807556531259, 4.439586847594806], "10": [0.6379300060224653, 0.6372356101870537, 4.9163037266050065], "11": [0.5096311136933586, 0.8481739630124399, 5.012588711295809], "12": [0.5795578766154255, 0.6606384022959642, 4.648118956174169], "13": [0.6231778033646022, 0.6107174626950707, 4.589184466855866], "14": [0.6268144368408685, 0.6031999141510044, 4.5140907372747145], "15": [0.5897802469367103, 0.5845533624557512, 4.474988185507911], "16": [0.5944868893435731, 0.5523586182455932, 4.23734817632607], "17": [0.5793140471377114, 0.5804826372968299, 4.6901796068464], "18": [0.6047647008616587, 0.5987172291214977, 4.867647243823324], "19": [0.5929910681030256, 0.556000122374722, 4.531585254839489], "20": [0.5955274166549186, 0.6090672999620438, 4.530632887567792], "21": [0.5596335699242965, 0.5775756554944175, 4.210529142192432], "22": [0.5965856810763853, 0.6217854205518961, 4.342205132331167], "23": [0.6233594976579687, 0.6112470054732901, 4.643266691906112], "24": [0.6262655737720195, 0.5665208555757999, 4.613955157569476], "25": [0.5480505160182547, 0.5644058844074606, 4.622991162112781], "26": [0.5758180287084738, 0.5372067118063569, 4.017055942756789], "27": [0.5621483590662267, 0.5442213524665152, 4.134330131326403], "28": [0.5730218255752381, 0.544025126285851, 3.956654816865921], "29": [0.6180676352447526, 0.5746803265064955, 4.360981073549816], "30": [0.5782958079954685, 0.5771489876987679, 4.594786385553224], "31": [0.5775264151730612, 0.5225290848208325, 4.2770049746547425], "32": [0.5676186748918022, 0.5232222748122045, 4.124440061620303], "33": [0.5829138164786416, 0.5457020592742733, 4.2096285849809645], "34": [0.5238223518129351, 0.517311808786222, 4.29381744819028], "35": [0.5855491844417624, 0.5491480848086732, 4.315338880249432], "36": [0.567664476367921, 0.5132446491292545, 4.150810450741223], "37": [0.5369925204977067, 0.500318657473794, 4.038888772896358], "38": [0.528865039923341, 0.4874649614095688, 4.311012427295958], "39": [0.5340045956810993, 0.49982742602005603, 4.4927370680230005], "40": [0.5149619976276311, 0.4717060966683286, 3.9766288680689676], "41": [0.5307767935396258, 0.48539252023079565, 4.1374796411820824], "42": [0.5203788859906455, 0.5007662600172418, 4.234809783952577], "43": [0.5914644688123124, 0.5134172145277262, 4.47278787280832], "44": [0.5521687814511551, 0.5304758688701051, 4.14883944775377], "45": [0.5226327190373612, 0.4941644516374384, 4.041376655442374], "46": [0.527481711348709, 0.4921772836574486, 4.104293953946659], "47": [0.531329909087799, 0.5116939204079765, 4.133789985946247], "48": [0.5620359508628301, 0.4648399756955249, 4.096614561762128], "49": [0.5156734987028764, 0.47578288280804243, 3.929080995065825], "50": [0.5175556020361325, 0.4987592487729022, 3.9311557774032866], "51": [0.4866402591759522, 0.484235375055245, 3.8456861855728284], "52": [0.475059503758426, 0.43282091968825886, 3.773945717087814], "53": [0.4963172200116722, 0.4249446030173983, 3.728435326048306], "54": [0.439477456721631, 0.4136208806719099, 3.566942590475082], "55": [0.4767581975223978, 0.390806138834783, 3.646809329731124], "56": [0.45508171566216493, 0.42093856422496695, 3.4665437012910845], "57": [0.4589539069880938, 0.41915336535977465, 3.6536354967526026], "58": [0.39491712902280046, 0.37814278973798665, 3.4664170128958567], "59": [0.502420670903166, 0.37719655146024056, 3.966711665051324], "60": [0.40218220797648235, 0.3870334110089711, 3.3691006226199014], "61": [0.46230041808307437, 0.4108595006167889, 3.592142023359026], "62": [0.45230056567964183, 0.38868592905678917, 3.8823342795882905], "63": [0.44980362298998183, 0.38610853172306503, 3.770438089966774], "64": [0.4739701340451675, 0.41402026949716464, 3.903449561766216], "65": [0.42125362371475034, 0.37618050226675614, 3.903929183738572], "66": [0.4522944477274255, 0.39572450976286616, 3.4430475175380706], "67": [0.3952296147023974, 0.37188901878627284, 3.612146342226437], "68": [0.43334763238207025, 0.3785002372360655, 3.563386874113764], "69": [0.4859927827456496, 0.3928447431485568, 3.281481672184808], "70": [0.4299980105875371, 0.393001004414899, 3.5686324647494723], "71": [0.3980309125075785, 0.35836940609983037, 3.810196200438908], "72": [0.45400923852419217, 0.38044166596872464, 3.554390129021236], "73": [0.45982356246885114, 0.388848796167544, 3.6175795091050014], "74": [0.3738450051914697, 0.3992882533930242, 3.8716562109334127], "75": [0.39989382701982584, 0.40697741948866417, 3.456660030569349], "76": [0.48505201155868627, 0.40609966359500377, 3.5065089804785594], "77": [0.4764023776052584, 0.36639587192663126, 3.3570397649492536], "78": [0.4110270903660161, 0.3875328292538013, 3.737676936813763], "79": [0.6001315909579391, 0.37070565332791633, 3.7197599019323078], "80": [0.541731211592969, 0.35543413891323977, 3.4934331532035556], "81": [0.5040982989768963, 0.3737164009362459, 3.7573644718953543], "82": [0.38115431682630774, 0.3828109912441245, 3.4187853166035245], "83": [0.37863238847463176, 0.36482343303837944, 3.6671119998608317], "84": [0.3569414035653868, 0.3700928985540356, 3.301379211459841], "85": [0.4251052055813748, 0.39812700439776694, 3.4864190765789576], "86": [0.41214205913461877, 0.37646252917391915, 3.5835798842566353], "87": [0.4620217376827246, 0.3863844507107777, 3.6286590286663603], "88": [0.4088459919930236, 0.36903419899754225, 3.3808684293712887], "89": [0.4614193990477361, 0.33652379547378847, 3.606717858144215], "90": [0.3443620123283771, 0.3701260525999325, 3.3844857611826487], "91": [0.4381692418092695, 0.38827761906598296, 3.748095438310078], "92": [0.4027619108426474, 0.37975599105869023, 3.563574839489801], "93": [0.4470543235970711, 0.3547134818243129, 3.3589349108082907], "94": [0.4827127779708462, 0.35302523129752705, 3.6505486590521676], "95": [0.4587488555359544, 0.35783943033644133, 3.3403640142508917], "96": [0.48235167799819983, 0.34858692805948, 3.5251588012490953], "97": [0.40824508355499345, 0.36543818000437955, 3.3492381589753286], "98": [0.479902520370823, 0.3616012220936162, 3.689091925961631], "99": [0.34908000646675125, 0.3943207488129182, 3.307128153528486], "100": [0.33277967958610394, 0.3826268971498523, 3.5147089336599624]}